question,response_1,response_2,response_3
How can I become a data scientist?,"To become a data scientist, you should start by learning the basics of statistics and programming. Familiarize yourself with Python or R, and get comfortable with data analysis and visualization tools like Pandas, NumPy, and Matplotlib.","Pursue courses in machine learning, data mining, and big data technologies. Practical experience is key, so work on projects, participate in hackathons, and build a portfolio to showcase your skills.","Networking and staying up-to-date with industry trends are also crucial. Consider joining data science communities, attending workshops, and following industry leaders."
What skills are needed for a software developer?,"Essential skills for a software developer include proficiency in programming languages like Python, JavaScript, Java, or C++. You should also be familiar with software development methodologies like Agile and Scrum.","Problem-solving skills, attention to detail, and the ability to work well in a team are also important. Knowledge of version control systems like Git and understanding of databases (SQL/NoSQL) will be beneficial.","Continuous learning is vital in tech. Stay updated with new frameworks, tools, and technologies by taking online courses, reading tech blogs, or contributing to open-source projects."
How do I prepare for a job interview?,"To prepare for a job interview, start by researching the company and understanding its mission, values, and recent developments. Review the job description thoroughly and match your skills and experiences to the job requirements.","Practice common interview questions, both technical and behavioral, and prepare your answers. It's also useful to have a few questions ready to ask the interviewer.","Dress appropriately, arrive early, and bring multiple copies of your resume. Confidence and good communication skills can make a big difference, so make sure to practice your pitch and body language."
What are the best resources to learn programming?,"There are numerous resources to learn programming, including online platforms like Codecademy, Coursera, Udemy, and edX. These platforms offer a variety of courses in different programming languages and levels.","Free resources like W3Schools, MDN Web Docs, and freeCodeCamp are also great for beginners. Books, tutorials, and YouTube channels can complement your learning.","Practice is key, so work on coding challenges on platforms like LeetCode, HackerRank, or CodeSignal. Building projects and contributing to open-source software are also excellent ways to improve your skills."
How can I improve my resume?,"To improve your resume, focus on making it concise and relevant to the job you're applying for. Use a clean, professional format and highlight your most relevant skills and experiences at the top.","Quantify your achievements whenever possible (e.g., increased sales by 20%, managed a team of 5). Include keywords from the job description to pass through Applicant Tracking Systems (ATS).","Proofread your resume multiple times for errors, and consider getting feedback from peers or professionals. Tailor your resume for each job application to make it more effective."
What is the role of a career coach?,"A career coach helps individuals clarify career goals, improve interview skills, and develop job search strategies.","Career coaches provide personalized feedback, help improve resumes, and can assist with networking techniques.",They often guide individuals in aligning their strengths with career opportunities and provide accountability.
What is the role of a career coach?,"A career coach helps individuals clarify career goals, improve interview skills, and develop job search strategies.","Career coaches provide personalized feedback, help improve resumes, and can assist with networking techniques.",They often guide individuals in aligning their strengths with career opportunities and provide accountability.
What steps should I take to switch careers?,Start by identifying transferable skills and researching industries that align with your interests.,Consider additional training or certifications if your new career path requires specific knowledge.,Update your resume to reflect your transferable skills and begin networking in the new field you want to enter.
How do I start a career in cybersecurity?,"Start by learning the basics of IT and networking, and then pursue cybersecurity certifications like CompTIA Security+.",Gain practical experience by setting up home labs or participating in cybersecurity competitions such as CTFs.,Networking with industry professionals and attending cybersecurity conferences can also help you enter the field.
What steps should I take to switch careers?,Start by identifying transferable skills and researching industries that align with your interests.,Consider additional training or certifications if your new career path requires specific knowledge.,Update your resume to reflect your transferable skills and begin networking in the new field you want to enter.
"What are soft skills, and why are they important?","Soft skills include communication, teamwork, problem-solving, and emotional intelligence, which are crucial in any career.","They help you work effectively with others, adapt to changes, and resolve conflicts in the workplace.",Developing strong soft skills can set you apart in job applications and help you grow in your career.
What steps should I take to switch careers?,Start by identifying transferable skills and researching industries that align with your interests.,Consider additional training or certifications if your new career path requires specific knowledge.,Update your resume to reflect your transferable skills and begin networking in the new field you want to enter.
How can I choose the right career path?,"Begin by assessing your interests, strengths, and long-term goals to narrow down options.","Research different industries and career roles, and seek informational interviews from professionals in fields of interest.",Consider internships or volunteer opportunities to gain hands-on experience before making a decision.
"What are soft skills, and why are they important?","Soft skills include communication, teamwork, problem-solving, and emotional intelligence, which are crucial in any career.","They help you work effectively with others, adapt to changes, and resolve conflicts in the workplace.",Developing strong soft skills can set you apart in job applications and help you grow in your career.
What steps should I take to switch careers?,Start by identifying transferable skills and researching industries that align with your interests.,Consider additional training or certifications if your new career path requires specific knowledge.,Update your resume to reflect your transferable skills and begin networking in the new field you want to enter.
"What are soft skills, and why are they important?","Soft skills include communication, teamwork, problem-solving, and emotional intelligence, which are crucial in any career.","They help you work effectively with others, adapt to changes, and resolve conflicts in the workplace.",Developing strong soft skills can set you apart in job applications and help you grow in your career.
How do I start a career in cybersecurity?,"Start by learning the basics of IT and networking, and then pursue cybersecurity certifications like CompTIA Security+.",Gain practical experience by setting up home labs or participating in cybersecurity competitions such as CTFs.,Networking with industry professionals and attending cybersecurity conferences can also help you enter the field.
What steps should I take to switch careers?,Start by identifying transferable skills and researching industries that align with your interests.,Consider additional training or certifications if your new career path requires specific knowledge.,Update your resume to reflect your transferable skills and begin networking in the new field you want to enter.
What steps should I take to switch careers?,Start by identifying transferable skills and researching industries that align with your interests.,Consider additional training or certifications if your new career path requires specific knowledge.,Update your resume to reflect your transferable skills and begin networking in the new field you want to enter.
"What are soft skills, and why are they important?","Soft skills include communication, teamwork, problem-solving, and emotional intelligence, which are crucial in any career.","They help you work effectively with others, adapt to changes, and resolve conflicts in the workplace.",Developing strong soft skills can set you apart in job applications and help you grow in your career.
What steps should I take to switch careers?,Start by identifying transferable skills and researching industries that align with your interests.,Consider additional training or certifications if your new career path requires specific knowledge.,Update your resume to reflect your transferable skills and begin networking in the new field you want to enter.
What is the role of a career coach?,"A career coach helps individuals clarify career goals, improve interview skills, and develop job search strategies.","Career coaches provide personalized feedback, help improve resumes, and can assist with networking techniques.",They often guide individuals in aligning their strengths with career opportunities and provide accountability.
What is the role of a career coach?,"A career coach helps individuals clarify career goals, improve interview skills, and develop job search strategies.","Career coaches provide personalized feedback, help improve resumes, and can assist with networking techniques.",They often guide individuals in aligning their strengths with career opportunities and provide accountability.
What steps should I take to switch careers?,Start by identifying transferable skills and researching industries that align with your interests.,Consider additional training or certifications if your new career path requires specific knowledge.,Update your resume to reflect your transferable skills and begin networking in the new field you want to enter.
What is the role of a career coach?,"A career coach helps individuals clarify career goals, improve interview skills, and develop job search strategies.","Career coaches provide personalized feedback, help improve resumes, and can assist with networking techniques.",They often guide individuals in aligning their strengths with career opportunities and provide accountability.
How do I start a career in cybersecurity?,"Start by learning the basics of IT and networking, and then pursue cybersecurity certifications like CompTIA Security+.",Gain practical experience by setting up home labs or participating in cybersecurity competitions such as CTFs.,Networking with industry professionals and attending cybersecurity conferences can also help you enter the field.
"What are soft skills, and why are they important?","Soft skills include communication, teamwork, problem-solving, and emotional intelligence, which are crucial in any career.","They help you work effectively with others, adapt to changes, and resolve conflicts in the workplace.",Developing strong soft skills can set you apart in job applications and help you grow in your career.
"What are soft skills, and why are they important?","Soft skills include communication, teamwork, problem-solving, and emotional intelligence, which are crucial in any career.","They help you work effectively with others, adapt to changes, and resolve conflicts in the workplace.",Developing strong soft skills can set you apart in job applications and help you grow in your career.
"What are soft skills, and why are they important?","Soft skills include communication, teamwork, problem-solving, and emotional intelligence, which are crucial in any career.","They help you work effectively with others, adapt to changes, and resolve conflicts in the workplace.",Developing strong soft skills can set you apart in job applications and help you grow in your career.
"What are soft skills, and why are they important?","Soft skills include communication, teamwork, problem-solving, and emotional intelligence, which are crucial in any career.","They help you work effectively with others, adapt to changes, and resolve conflicts in the workplace.",Developing strong soft skills can set you apart in job applications and help you grow in your career.
What steps should I take to switch careers?,Start by identifying transferable skills and researching industries that align with your interests.,Consider additional training or certifications if your new career path requires specific knowledge.,Update your resume to reflect your transferable skills and begin networking in the new field you want to enter.
What is the role of a career coach?,"A career coach helps individuals clarify career goals, improve interview skills, and develop job search strategies.","Career coaches provide personalized feedback, help improve resumes, and can assist with networking techniques.",They often guide individuals in aligning their strengths with career opportunities and provide accountability.
"What are soft skills, and why are they important?","Soft skills include communication, teamwork, problem-solving, and emotional intelligence, which are crucial in any career.","They help you work effectively with others, adapt to changes, and resolve conflicts in the workplace.",Developing strong soft skills can set you apart in job applications and help you grow in your career.
What is the role of a career coach?,"A career coach helps individuals clarify career goals, improve interview skills, and develop job search strategies.","Career coaches provide personalized feedback, help improve resumes, and can assist with networking techniques.",They often guide individuals in aligning their strengths with career opportunities and provide accountability.
How do I start a career in cybersecurity?,"Start by learning the basics of IT and networking, and then pursue cybersecurity certifications like CompTIA Security+.",Gain practical experience by setting up home labs or participating in cybersecurity competitions such as CTFs.,Networking with industry professionals and attending cybersecurity conferences can also help you enter the field.
What is the role of a career coach?,"A career coach helps individuals clarify career goals, improve interview skills, and develop job search strategies.","Career coaches provide personalized feedback, help improve resumes, and can assist with networking techniques.",They often guide individuals in aligning their strengths with career opportunities and provide accountability.
How do I start a career in cybersecurity?,"Start by learning the basics of IT and networking, and then pursue cybersecurity certifications like CompTIA Security+.",Gain practical experience by setting up home labs or participating in cybersecurity competitions such as CTFs.,Networking with industry professionals and attending cybersecurity conferences can also help you enter the field.
How do I start a career in cybersecurity?,"Start by learning the basics of IT and networking, and then pursue cybersecurity certifications like CompTIA Security+.",Gain practical experience by setting up home labs or participating in cybersecurity competitions such as CTFs.,Networking with industry professionals and attending cybersecurity conferences can also help you enter the field.
How do I start a career in cybersecurity?,"Start by learning the basics of IT and networking, and then pursue cybersecurity certifications like CompTIA Security+.",Gain practical experience by setting up home labs or participating in cybersecurity competitions such as CTFs.,Networking with industry professionals and attending cybersecurity conferences can also help you enter the field.
"What are soft skills, and why are they important?","Soft skills include communication, teamwork, problem-solving, and emotional intelligence, which are crucial in any career.","They help you work effectively with others, adapt to changes, and resolve conflicts in the workplace.",Developing strong soft skills can set you apart in job applications and help you grow in your career.
"What are soft skills, and why are they important?","Soft skills include communication, teamwork, problem-solving, and emotional intelligence, which are crucial in any career.","They help you work effectively with others, adapt to changes, and resolve conflicts in the workplace.",Developing strong soft skills can set you apart in job applications and help you grow in your career.
How do I start a career in cybersecurity?,"Start by learning the basics of IT and networking, and then pursue cybersecurity certifications like CompTIA Security+.",Gain practical experience by setting up home labs or participating in cybersecurity competitions such as CTFs.,Networking with industry professionals and attending cybersecurity conferences can also help you enter the field.
How can I choose the right career path?,"Begin by assessing your interests, strengths, and long-term goals to narrow down options.","Research different industries and career roles, and seek informational interviews from professionals in fields of interest.",Consider internships or volunteer opportunities to gain hands-on experience before making a decision.
What is the role of a career coach?,"A career coach helps individuals clarify career goals, improve interview skills, and develop job search strategies.","Career coaches provide personalized feedback, help improve resumes, and can assist with networking techniques.",They often guide individuals in aligning their strengths with career opportunities and provide accountability.
How do I start a career in cybersecurity?,"Start by learning the basics of IT and networking, and then pursue cybersecurity certifications like CompTIA Security+.",Gain practical experience by setting up home labs or participating in cybersecurity competitions such as CTFs.,Networking with industry professionals and attending cybersecurity conferences can also help you enter the field.
What steps should I take to switch careers?,Start by identifying transferable skills and researching industries that align with your interests.,Consider additional training or certifications if your new career path requires specific knowledge.,Update your resume to reflect your transferable skills and begin networking in the new field you want to enter.
How do I start a career in cybersecurity?,"Start by learning the basics of IT and networking, and then pursue cybersecurity certifications like CompTIA Security+.",Gain practical experience by setting up home labs or participating in cybersecurity competitions such as CTFs.,Networking with industry professionals and attending cybersecurity conferences can also help you enter the field.
How can I choose the right career path?,"Begin by assessing your interests, strengths, and long-term goals to narrow down options.","Research different industries and career roles, and seek informational interviews from professionals in fields of interest.",Consider internships or volunteer opportunities to gain hands-on experience before making a decision.
How can I choose the right career path?,"Begin by assessing your interests, strengths, and long-term goals to narrow down options.","Research different industries and career roles, and seek informational interviews from professionals in fields of interest.",Consider internships or volunteer opportunities to gain hands-on experience before making a decision.
What steps should I take to switch careers?,Start by identifying transferable skills and researching industries that align with your interests.,Consider additional training or certifications if your new career path requires specific knowledge.,Update your resume to reflect your transferable skills and begin networking in the new field you want to enter.
How can I choose the right career path?,"Begin by assessing your interests, strengths, and long-term goals to narrow down options.","Research different industries and career roles, and seek informational interviews from professionals in fields of interest.",Consider internships or volunteer opportunities to gain hands-on experience before making a decision.
How do I start a career in cybersecurity?,"Start by learning the basics of IT and networking, and then pursue cybersecurity certifications like CompTIA Security+.",Gain practical experience by setting up home labs or participating in cybersecurity competitions such as CTFs.,Networking with industry professionals and attending cybersecurity conferences can also help you enter the field.
What steps should I take to switch careers?,Start by identifying transferable skills and researching industries that align with your interests.,Consider additional training or certifications if your new career path requires specific knowledge.,Update your resume to reflect your transferable skills and begin networking in the new field you want to enter.
How do I start a career in cybersecurity?,"Start by learning the basics of IT and networking, and then pursue cybersecurity certifications like CompTIA Security+.",Gain practical experience by setting up home labs or participating in cybersecurity competitions such as CTFs.,Networking with industry professionals and attending cybersecurity conferences can also help you enter the field.
What steps should I take to switch careers?,Start by identifying transferable skills and researching industries that align with your interests.,Consider additional training or certifications if your new career path requires specific knowledge.,Update your resume to reflect your transferable skills and begin networking in the new field you want to enter.
How do I start a career in cybersecurity?,"Start by learning the basics of IT and networking, and then pursue cybersecurity certifications like CompTIA Security+.",Gain practical experience by setting up home labs or participating in cybersecurity competitions such as CTFs.,Networking with industry professionals and attending cybersecurity conferences can also help you enter the field.
What is the role of a career coach?,"A career coach helps individuals clarify career goals, improve interview skills, and develop job search strategies.","Career coaches provide personalized feedback, help improve resumes, and can assist with networking techniques.",They often guide individuals in aligning their strengths with career opportunities and provide accountability.
What steps should I take to switch careers?,Start by identifying transferable skills and researching industries that align with your interests.,Consider additional training or certifications if your new career path requires specific knowledge.,Update your resume to reflect your transferable skills and begin networking in the new field you want to enter.
How can I choose the right career path?,"Begin by assessing your interests, strengths, and long-term goals to narrow down options.","Research different industries and career roles, and seek informational interviews from professionals in fields of interest.",Consider internships or volunteer opportunities to gain hands-on experience before making a decision.
How can I choose the right career path?,"Begin by assessing your interests, strengths, and long-term goals to narrow down options.","Research different industries and career roles, and seek informational interviews from professionals in fields of interest.",Consider internships or volunteer opportunities to gain hands-on experience before making a decision.
What steps should I take to switch careers?,Start by identifying transferable skills and researching industries that align with your interests.,Consider additional training or certifications if your new career path requires specific knowledge.,Update your resume to reflect your transferable skills and begin networking in the new field you want to enter.
What is the role of a career coach?,"A career coach helps individuals clarify career goals, improve interview skills, and develop job search strategies.","Career coaches provide personalized feedback, help improve resumes, and can assist with networking techniques.",They often guide individuals in aligning their strengths with career opportunities and provide accountability.
How can I choose the right career path?,"Begin by assessing your interests, strengths, and long-term goals to narrow down options.","Research different industries and career roles, and seek informational interviews from professionals in fields of interest.",Consider internships or volunteer opportunities to gain hands-on experience before making a decision.
How do I start a career in cybersecurity?,"Start by learning the basics of IT and networking, and then pursue cybersecurity certifications like CompTIA Security+.",Gain practical experience by setting up home labs or participating in cybersecurity competitions such as CTFs.,Networking with industry professionals and attending cybersecurity conferences can also help you enter the field.
How do I start a career in cybersecurity?,"Start by learning the basics of IT and networking, and then pursue cybersecurity certifications like CompTIA Security+.",Gain practical experience by setting up home labs or participating in cybersecurity competitions such as CTFs.,Networking with industry professionals and attending cybersecurity conferences can also help you enter the field.
"What are soft skills, and why are they important?","Soft skills include communication, teamwork, problem-solving, and emotional intelligence, which are crucial in any career.","They help you work effectively with others, adapt to changes, and resolve conflicts in the workplace.",Developing strong soft skills can set you apart in job applications and help you grow in your career.
How can I choose the right career path?,"Begin by assessing your interests, strengths, and long-term goals to narrow down options.","Research different industries and career roles, and seek informational interviews from professionals in fields of interest.",Consider internships or volunteer opportunities to gain hands-on experience before making a decision.
What steps should I take to switch careers?,Start by identifying transferable skills and researching industries that align with your interests.,Consider additional training or certifications if your new career path requires specific knowledge.,Update your resume to reflect your transferable skills and begin networking in the new field you want to enter.
What is the role of a career coach?,"A career coach helps individuals clarify career goals, improve interview skills, and develop job search strategies.","Career coaches provide personalized feedback, help improve resumes, and can assist with networking techniques.",They often guide individuals in aligning their strengths with career opportunities and provide accountability.
What is the role of a career coach?,"A career coach helps individuals clarify career goals, improve interview skills, and develop job search strategies.","Career coaches provide personalized feedback, help improve resumes, and can assist with networking techniques.",They often guide individuals in aligning their strengths with career opportunities and provide accountability.
How can I choose the right career path?,"Begin by assessing your interests, strengths, and long-term goals to narrow down options.","Research different industries and career roles, and seek informational interviews from professionals in fields of interest.",Consider internships or volunteer opportunities to gain hands-on experience before making a decision.
What steps should I take to switch careers?,Start by identifying transferable skills and researching industries that align with your interests.,Consider additional training or certifications if your new career path requires specific knowledge.,Update your resume to reflect your transferable skills and begin networking in the new field you want to enter.
What is the role of a career coach?,"A career coach helps individuals clarify career goals, improve interview skills, and develop job search strategies.","Career coaches provide personalized feedback, help improve resumes, and can assist with networking techniques.",They often guide individuals in aligning their strengths with career opportunities and provide accountability.
How can I choose the right career path?,"Begin by assessing your interests, strengths, and long-term goals to narrow down options.","Research different industries and career roles, and seek informational interviews from professionals in fields of interest.",Consider internships or volunteer opportunities to gain hands-on experience before making a decision.
"What are soft skills, and why are they important?","Soft skills include communication, teamwork, problem-solving, and emotional intelligence, which are crucial in any career.","They help you work effectively with others, adapt to changes, and resolve conflicts in the workplace.",Developing strong soft skills can set you apart in job applications and help you grow in your career.
What steps should I take to switch careers?,Start by identifying transferable skills and researching industries that align with your interests.,Consider additional training or certifications if your new career path requires specific knowledge.,Update your resume to reflect your transferable skills and begin networking in the new field you want to enter.
What is the role of a career coach?,"A career coach helps individuals clarify career goals, improve interview skills, and develop job search strategies.","Career coaches provide personalized feedback, help improve resumes, and can assist with networking techniques.",They often guide individuals in aligning their strengths with career opportunities and provide accountability.
What is the role of a career coach?,"A career coach helps individuals clarify career goals, improve interview skills, and develop job search strategies.","Career coaches provide personalized feedback, help improve resumes, and can assist with networking techniques.",They often guide individuals in aligning their strengths with career opportunities and provide accountability.
How do I start a career in cybersecurity?,"Start by learning the basics of IT and networking, and then pursue cybersecurity certifications like CompTIA Security+.",Gain practical experience by setting up home labs or participating in cybersecurity competitions such as CTFs.,Networking with industry professionals and attending cybersecurity conferences can also help you enter the field.
What is the role of a career coach?,"A career coach helps individuals clarify career goals, improve interview skills, and develop job search strategies.","Career coaches provide personalized feedback, help improve resumes, and can assist with networking techniques.",They often guide individuals in aligning their strengths with career opportunities and provide accountability.
"What are soft skills, and why are they important?","Soft skills include communication, teamwork, problem-solving, and emotional intelligence, which are crucial in any career.","They help you work effectively with others, adapt to changes, and resolve conflicts in the workplace.",Developing strong soft skills can set you apart in job applications and help you grow in your career.
How do I start a career in cybersecurity?,"Start by learning the basics of IT and networking, and then pursue cybersecurity certifications like CompTIA Security+.",Gain practical experience by setting up home labs or participating in cybersecurity competitions such as CTFs.,Networking with industry professionals and attending cybersecurity conferences can also help you enter the field.
What steps should I take to switch careers?,Start by identifying transferable skills and researching industries that align with your interests.,Consider additional training or certifications if your new career path requires specific knowledge.,Update your resume to reflect your transferable skills and begin networking in the new field you want to enter.
What steps should I take to switch careers?,Start by identifying transferable skills and researching industries that align with your interests.,Consider additional training or certifications if your new career path requires specific knowledge.,Update your resume to reflect your transferable skills and begin networking in the new field you want to enter.
"What are soft skills, and why are they important?","Soft skills include communication, teamwork, problem-solving, and emotional intelligence, which are crucial in any career.","They help you work effectively with others, adapt to changes, and resolve conflicts in the workplace.",Developing strong soft skills can set you apart in job applications and help you grow in your career.
How can I choose the right career path?,"Begin by assessing your interests, strengths, and long-term goals to narrow down options.","Research different industries and career roles, and seek informational interviews from professionals in fields of interest.",Consider internships or volunteer opportunities to gain hands-on experience before making a decision.
How do I start a career in cybersecurity?,"Start by learning the basics of IT and networking, and then pursue cybersecurity certifications like CompTIA Security+.",Gain practical experience by setting up home labs or participating in cybersecurity competitions such as CTFs.,Networking with industry professionals and attending cybersecurity conferences can also help you enter the field.
What is the role of a career coach?,"A career coach helps individuals clarify career goals, improve interview skills, and develop job search strategies.","Career coaches provide personalized feedback, help improve resumes, and can assist with networking techniques.",They often guide individuals in aligning their strengths with career opportunities and provide accountability.
"What are soft skills, and why are they important?","Soft skills include communication, teamwork, problem-solving, and emotional intelligence, which are crucial in any career.","They help you work effectively with others, adapt to changes, and resolve conflicts in the workplace.",Developing strong soft skills can set you apart in job applications and help you grow in your career.
What is the role of a career coach?,"A career coach helps individuals clarify career goals, improve interview skills, and develop job search strategies.","Career coaches provide personalized feedback, help improve resumes, and can assist with networking techniques.",They often guide individuals in aligning their strengths with career opportunities and provide accountability.
"What are soft skills, and why are they important?","Soft skills include communication, teamwork, problem-solving, and emotional intelligence, which are crucial in any career.","They help you work effectively with others, adapt to changes, and resolve conflicts in the workplace.",Developing strong soft skills can set you apart in job applications and help you grow in your career.
What steps should I take to switch careers?,Start by identifying transferable skills and researching industries that align with your interests.,Consider additional training or certifications if your new career path requires specific knowledge.,Update your resume to reflect your transferable skills and begin networking in the new field you want to enter.
"What are soft skills, and why are they important?","Soft skills include communication, teamwork, problem-solving, and emotional intelligence, which are crucial in any career.","They help you work effectively with others, adapt to changes, and resolve conflicts in the workplace.",Developing strong soft skills can set you apart in job applications and help you grow in your career.
What is the role of a career coach?,"A career coach helps individuals clarify career goals, improve interview skills, and develop job search strategies.","Career coaches provide personalized feedback, help improve resumes, and can assist with networking techniques.",They often guide individuals in aligning their strengths with career opportunities and provide accountability.
"What are soft skills, and why are they important?","Soft skills include communication, teamwork, problem-solving, and emotional intelligence, which are crucial in any career.","They help you work effectively with others, adapt to changes, and resolve conflicts in the workplace.",Developing strong soft skills can set you apart in job applications and help you grow in your career.
How can I choose the right career path?,"Begin by assessing your interests, strengths, and long-term goals to narrow down options.","Research different industries and career roles, and seek informational interviews from professionals in fields of interest.",Consider internships or volunteer opportunities to gain hands-on experience before making a decision.
What is the role of a career coach?,"A career coach helps individuals clarify career goals, improve interview skills, and develop job search strategies.","Career coaches provide personalized feedback, help improve resumes, and can assist with networking techniques.",They often guide individuals in aligning their strengths with career opportunities and provide accountability.
What is the role of a career coach?,"A career coach helps individuals clarify career goals, improve interview skills, and develop job search strategies.","Career coaches provide personalized feedback, help improve resumes, and can assist with networking techniques.",They often guide individuals in aligning their strengths with career opportunities and provide accountability.
"What are soft skills, and why are they important?","Soft skills include communication, teamwork, problem-solving, and emotional intelligence, which are crucial in any career.","They help you work effectively with others, adapt to changes, and resolve conflicts in the workplace.",Developing strong soft skills can set you apart in job applications and help you grow in your career.
What is the role of a career coach?,"A career coach helps individuals clarify career goals, improve interview skills, and develop job search strategies.","Career coaches provide personalized feedback, help improve resumes, and can assist with networking techniques.",They often guide individuals in aligning their strengths with career opportunities and provide accountability.
How do I start a career in cybersecurity?,"Start by learning the basics of IT and networking, and then pursue cybersecurity certifications like CompTIA Security+.",Gain practical experience by setting up home labs or participating in cybersecurity competitions such as CTFs.,Networking with industry professionals and attending cybersecurity conferences can also help you enter the field.
What is the role of a career coach?,"A career coach helps individuals clarify career goals, improve interview skills, and develop job search strategies.","Career coaches provide personalized feedback, help improve resumes, and can assist with networking techniques.",They often guide individuals in aligning their strengths with career opportunities and provide accountability.
What is the role of a career coach?,"A career coach helps individuals clarify career goals, improve interview skills, and develop job search strategies.","Career coaches provide personalized feedback, help improve resumes, and can assist with networking techniques.",They often guide individuals in aligning their strengths with career opportunities and provide accountability.
What is the role of a career coach?,"A career coach helps individuals clarify career goals, improve interview skills, and develop job search strategies.","Career coaches provide personalized feedback, help improve resumes, and can assist with networking techniques.",They often guide individuals in aligning their strengths with career opportunities and provide accountability.
How can I choose the right career path?,"Begin by assessing your interests, strengths, and long-term goals to narrow down options.","Research different industries and career roles, and seek informational interviews from professionals in fields of interest.",Consider internships or volunteer opportunities to gain hands-on experience before making a decision.
What steps should I take to switch careers?,Start by identifying transferable skills and researching industries that align with your interests.,Consider additional training or certifications if your new career path requires specific knowledge.,Update your resume to reflect your transferable skills and begin networking in the new field you want to enter.
What steps should I take to switch careers?,Start by identifying transferable skills and researching industries that align with your interests.,Consider additional training or certifications if your new career path requires specific knowledge.,Update your resume to reflect your transferable skills and begin networking in the new field you want to enter.
How do I start a career in cybersecurity?,"Start by learning the basics of IT and networking, and then pursue cybersecurity certifications like CompTIA Security+.",Gain practical experience by setting up home labs or participating in cybersecurity competitions such as CTFs.,Networking with industry professionals and attending cybersecurity conferences can also help you enter the field.
How can I choose the right career path?,"Begin by assessing your interests, strengths, and long-term goals to narrow down options.","Research different industries and career roles, and seek informational interviews from professionals in fields of interest.",Consider internships or volunteer opportunities to gain hands-on experience before making a decision.
How can I choose the right career path?,"Begin by assessing your interests, strengths, and long-term goals to narrow down options.","Research different industries and career roles, and seek informational interviews from professionals in fields of interest.",Consider internships or volunteer opportunities to gain hands-on experience before making a decision.
What is the role of a career coach?,"A career coach helps individuals clarify career goals, improve interview skills, and develop job search strategies.","Career coaches provide personalized feedback, help improve resumes, and can assist with networking techniques.",They often guide individuals in aligning their strengths with career opportunities and provide accountability.
"What are soft skills, and why are they important?","Soft skills include communication, teamwork, problem-solving, and emotional intelligence, which are crucial in any career.","They help you work effectively with others, adapt to changes, and resolve conflicts in the workplace.",Developing strong soft skills can set you apart in job applications and help you grow in your career.
What steps should I take to switch careers?,Start by identifying transferable skills and researching industries that align with your interests.,Consider additional training or certifications if your new career path requires specific knowledge.,Update your resume to reflect your transferable skills and begin networking in the new field you want to enter.
How can I choose the right career path?,"Begin by assessing your interests, strengths, and long-term goals to narrow down options.","Research different industries and career roles, and seek informational interviews from professionals in fields of interest.",Consider internships or volunteer opportunities to gain hands-on experience before making a decision.
How do I start a career in cybersecurity?,"Start by learning the basics of IT and networking, and then pursue cybersecurity certifications like CompTIA Security+.",Gain practical experience by setting up home labs or participating in cybersecurity competitions such as CTFs.,Networking with industry professionals and attending cybersecurity conferences can also help you enter the field.
How can I choose the right career path?,"Begin by assessing your interests, strengths, and long-term goals to narrow down options.","Research different industries and career roles, and seek informational interviews from professionals in fields of interest.",Consider internships or volunteer opportunities to gain hands-on experience before making a decision.
What is the role of a career coach?,"A career coach helps individuals clarify career goals, improve interview skills, and develop job search strategies.","Career coaches provide personalized feedback, help improve resumes, and can assist with networking techniques.",They often guide individuals in aligning their strengths with career opportunities and provide accountability.
"What are soft skills, and why are they important?","Soft skills include communication, teamwork, problem-solving, and emotional intelligence, which are crucial in any career.","They help you work effectively with others, adapt to changes, and resolve conflicts in the workplace.",Developing strong soft skills can set you apart in job applications and help you grow in your career.
"What are soft skills, and why are they important?","Soft skills include communication, teamwork, problem-solving, and emotional intelligence, which are crucial in any career.","They help you work effectively with others, adapt to changes, and resolve conflicts in the workplace.",Developing strong soft skills can set you apart in job applications and help you grow in your career.
What steps should I take to switch careers?,Start by identifying transferable skills and researching industries that align with your interests.,Consider additional training or certifications if your new career path requires specific knowledge.,Update your resume to reflect your transferable skills and begin networking in the new field you want to enter.
How can I choose the right career path?,"Begin by assessing your interests, strengths, and long-term goals to narrow down options.","Research different industries and career roles, and seek informational interviews from professionals in fields of interest.",Consider internships or volunteer opportunities to gain hands-on experience before making a decision.
What steps should I take to switch careers?,Start by identifying transferable skills and researching industries that align with your interests.,Consider additional training or certifications if your new career path requires specific knowledge.,Update your resume to reflect your transferable skills and begin networking in the new field you want to enter.
How do I start a career in cybersecurity?,"Start by learning the basics of IT and networking, and then pursue cybersecurity certifications like CompTIA Security+.",Gain practical experience by setting up home labs or participating in cybersecurity competitions such as CTFs.,Networking with industry professionals and attending cybersecurity conferences can also help you enter the field.
"What are soft skills, and why are they important?","Soft skills include communication, teamwork, problem-solving, and emotional intelligence, which are crucial in any career.","They help you work effectively with others, adapt to changes, and resolve conflicts in the workplace.",Developing strong soft skills can set you apart in job applications and help you grow in your career.
What is the role of a career coach?,"A career coach helps individuals clarify career goals, improve interview skills, and develop job search strategies.","Career coaches provide personalized feedback, help improve resumes, and can assist with networking techniques.",They often guide individuals in aligning their strengths with career opportunities and provide accountability.
What is the role of a career coach?,"A career coach helps individuals clarify career goals, improve interview skills, and develop job search strategies.","Career coaches provide personalized feedback, help improve resumes, and can assist with networking techniques.",They often guide individuals in aligning their strengths with career opportunities and provide accountability.
How can I choose the right career path?,"Begin by assessing your interests, strengths, and long-term goals to narrow down options.","Research different industries and career roles, and seek informational interviews from professionals in fields of interest.",Consider internships or volunteer opportunities to gain hands-on experience before making a decision.
How do I start a career in cybersecurity?,"Start by learning the basics of IT and networking, and then pursue cybersecurity certifications like CompTIA Security+.",Gain practical experience by setting up home labs or participating in cybersecurity competitions such as CTFs.,Networking with industry professionals and attending cybersecurity conferences can also help you enter the field.
How do I start a career in cybersecurity?,"Start by learning the basics of IT and networking, and then pursue cybersecurity certifications like CompTIA Security+.",Gain practical experience by setting up home labs or participating in cybersecurity competitions such as CTFs.,Networking with industry professionals and attending cybersecurity conferences can also help you enter the field.
How can I choose the right career path?,"Begin by assessing your interests, strengths, and long-term goals to narrow down options.","Research different industries and career roles, and seek informational interviews from professionals in fields of interest.",Consider internships or volunteer opportunities to gain hands-on experience before making a decision.
"What are soft skills, and why are they important?","Soft skills include communication, teamwork, problem-solving, and emotional intelligence, which are crucial in any career.","They help you work effectively with others, adapt to changes, and resolve conflicts in the workplace.",Developing strong soft skills can set you apart in job applications and help you grow in your career.
What is the role of a career coach?,"A career coach helps individuals clarify career goals, improve interview skills, and develop job search strategies.","Career coaches provide personalized feedback, help improve resumes, and can assist with networking techniques.",They often guide individuals in aligning their strengths with career opportunities and provide accountability.
How do I start a career in cybersecurity?,"Start by learning the basics of IT and networking, and then pursue cybersecurity certifications like CompTIA Security+.",Gain practical experience by setting up home labs or participating in cybersecurity competitions such as CTFs.,Networking with industry professionals and attending cybersecurity conferences can also help you enter the field.
How do I start a career in cybersecurity?,"Start by learning the basics of IT and networking, and then pursue cybersecurity certifications like CompTIA Security+.",Gain practical experience by setting up home labs or participating in cybersecurity competitions such as CTFs.,Networking with industry professionals and attending cybersecurity conferences can also help you enter the field.
"What are soft skills, and why are they important?","Soft skills include communication, teamwork, problem-solving, and emotional intelligence, which are crucial in any career.","They help you work effectively with others, adapt to changes, and resolve conflicts in the workplace.",Developing strong soft skills can set you apart in job applications and help you grow in your career.
How do I start a career in cybersecurity?,"Start by learning the basics of IT and networking, and then pursue cybersecurity certifications like CompTIA Security+.",Gain practical experience by setting up home labs or participating in cybersecurity competitions such as CTFs.,Networking with industry professionals and attending cybersecurity conferences can also help you enter the field.
"What are soft skills, and why are they important?","Soft skills include communication, teamwork, problem-solving, and emotional intelligence, which are crucial in any career.","They help you work effectively with others, adapt to changes, and resolve conflicts in the workplace.",Developing strong soft skills can set you apart in job applications and help you grow in your career.
"What are soft skills, and why are they important?","Soft skills include communication, teamwork, problem-solving, and emotional intelligence, which are crucial in any career.","They help you work effectively with others, adapt to changes, and resolve conflicts in the workplace.",Developing strong soft skills can set you apart in job applications and help you grow in your career.
What steps should I take to switch careers?,Start by identifying transferable skills and researching industries that align with your interests.,Consider additional training or certifications if your new career path requires specific knowledge.,Update your resume to reflect your transferable skills and begin networking in the new field you want to enter.
"What are soft skills, and why are they important?","Soft skills include communication, teamwork, problem-solving, and emotional intelligence, which are crucial in any career.","They help you work effectively with others, adapt to changes, and resolve conflicts in the workplace.",Developing strong soft skills can set you apart in job applications and help you grow in your career.
How can I choose the right career path?,"Begin by assessing your interests, strengths, and long-term goals to narrow down options.","Research different industries and career roles, and seek informational interviews from professionals in fields of interest.",Consider internships or volunteer opportunities to gain hands-on experience before making a decision.
How can I choose the right career path?,"Begin by assessing your interests, strengths, and long-term goals to narrow down options.","Research different industries and career roles, and seek informational interviews from professionals in fields of interest.",Consider internships or volunteer opportunities to gain hands-on experience before making a decision.
"What are soft skills, and why are they important?","Soft skills include communication, teamwork, problem-solving, and emotional intelligence, which are crucial in any career.","They help you work effectively with others, adapt to changes, and resolve conflicts in the workplace.",Developing strong soft skills can set you apart in job applications and help you grow in your career.
How do I start a career in cybersecurity?,"Start by learning the basics of IT and networking, and then pursue cybersecurity certifications like CompTIA Security+.",Gain practical experience by setting up home labs or participating in cybersecurity competitions such as CTFs.,Networking with industry professionals and attending cybersecurity conferences can also help you enter the field.
How can I choose the right career path?,"Begin by assessing your interests, strengths, and long-term goals to narrow down options.","Research different industries and career roles, and seek informational interviews from professionals in fields of interest.",Consider internships or volunteer opportunities to gain hands-on experience before making a decision.
How can I choose the right career path?,"Begin by assessing your interests, strengths, and long-term goals to narrow down options.","Research different industries and career roles, and seek informational interviews from professionals in fields of interest.",Consider internships or volunteer opportunities to gain hands-on experience before making a decision.
"What are soft skills, and why are they important?","Soft skills include communication, teamwork, problem-solving, and emotional intelligence, which are crucial in any career.","They help you work effectively with others, adapt to changes, and resolve conflicts in the workplace.",Developing strong soft skills can set you apart in job applications and help you grow in your career.
"What are soft skills, and why are they important?","Soft skills include communication, teamwork, problem-solving, and emotional intelligence, which are crucial in any career.","They help you work effectively with others, adapt to changes, and resolve conflicts in the workplace.",Developing strong soft skills can set you apart in job applications and help you grow in your career.
How can I choose the right career path?,"Begin by assessing your interests, strengths, and long-term goals to narrow down options.","Research different industries and career roles, and seek informational interviews from professionals in fields of interest.",Consider internships or volunteer opportunities to gain hands-on experience before making a decision.
What is the role of a career coach?,"A career coach helps individuals clarify career goals, improve interview skills, and develop job search strategies.","Career coaches provide personalized feedback, help improve resumes, and can assist with networking techniques.",They often guide individuals in aligning their strengths with career opportunities and provide accountability.
What is the role of a career coach?,"A career coach helps individuals clarify career goals, improve interview skills, and develop job search strategies.","Career coaches provide personalized feedback, help improve resumes, and can assist with networking techniques.",They often guide individuals in aligning their strengths with career opportunities and provide accountability.
What steps should I take to switch careers?,Start by identifying transferable skills and researching industries that align with your interests.,Consider additional training or certifications if your new career path requires specific knowledge.,Update your resume to reflect your transferable skills and begin networking in the new field you want to enter.
What is the role of a career coach?,"A career coach helps individuals clarify career goals, improve interview skills, and develop job search strategies.","Career coaches provide personalized feedback, help improve resumes, and can assist with networking techniques.",They often guide individuals in aligning their strengths with career opportunities and provide accountability.
What is the role of a career coach?,"A career coach helps individuals clarify career goals, improve interview skills, and develop job search strategies.","Career coaches provide personalized feedback, help improve resumes, and can assist with networking techniques.",They often guide individuals in aligning their strengths with career opportunities and provide accountability.
What is the role of a career coach?,"A career coach helps individuals clarify career goals, improve interview skills, and develop job search strategies.","Career coaches provide personalized feedback, help improve resumes, and can assist with networking techniques.",They often guide individuals in aligning their strengths with career opportunities and provide accountability.
What is the role of a career coach?,"A career coach helps individuals clarify career goals, improve interview skills, and develop job search strategies.","Career coaches provide personalized feedback, help improve resumes, and can assist with networking techniques.",They often guide individuals in aligning their strengths with career opportunities and provide accountability.
What is the role of a career coach?,"A career coach helps individuals clarify career goals, improve interview skills, and develop job search strategies.","Career coaches provide personalized feedback, help improve resumes, and can assist with networking techniques.",They often guide individuals in aligning their strengths with career opportunities and provide accountability.
"What are soft skills, and why are they important?","Soft skills include communication, teamwork, problem-solving, and emotional intelligence, which are crucial in any career.","They help you work effectively with others, adapt to changes, and resolve conflicts in the workplace.",Developing strong soft skills can set you apart in job applications and help you grow in your career.
What is the role of a career coach?,"A career coach helps individuals clarify career goals, improve interview skills, and develop job search strategies.","Career coaches provide personalized feedback, help improve resumes, and can assist with networking techniques.",They often guide individuals in aligning their strengths with career opportunities and provide accountability.
How do I start a career in cybersecurity?,"Start by learning the basics of IT and networking, and then pursue cybersecurity certifications like CompTIA Security+.",Gain practical experience by setting up home labs or participating in cybersecurity competitions such as CTFs.,Networking with industry professionals and attending cybersecurity conferences can also help you enter the field.
"What are soft skills, and why are they important?","Soft skills include communication, teamwork, problem-solving, and emotional intelligence, which are crucial in any career.","They help you work effectively with others, adapt to changes, and resolve conflicts in the workplace.",Developing strong soft skills can set you apart in job applications and help you grow in your career.
What is the role of a career coach?,"A career coach helps individuals clarify career goals, improve interview skills, and develop job search strategies.","Career coaches provide personalized feedback, help improve resumes, and can assist with networking techniques.",They often guide individuals in aligning their strengths with career opportunities and provide accountability.
What is the role of a career coach?,"A career coach helps individuals clarify career goals, improve interview skills, and develop job search strategies.","Career coaches provide personalized feedback, help improve resumes, and can assist with networking techniques.",They often guide individuals in aligning their strengths with career opportunities and provide accountability.
What is the role of a career coach?,"A career coach helps individuals clarify career goals, improve interview skills, and develop job search strategies.","Career coaches provide personalized feedback, help improve resumes, and can assist with networking techniques.",They often guide individuals in aligning their strengths with career opportunities and provide accountability.
"What are soft skills, and why are they important?","Soft skills include communication, teamwork, problem-solving, and emotional intelligence, which are crucial in any career.","They help you work effectively with others, adapt to changes, and resolve conflicts in the workplace.",Developing strong soft skills can set you apart in job applications and help you grow in your career.
What steps should I take to switch careers?,Start by identifying transferable skills and researching industries that align with your interests.,Consider additional training or certifications if your new career path requires specific knowledge.,Update your resume to reflect your transferable skills and begin networking in the new field you want to enter.
What is the role of a career coach?,"A career coach helps individuals clarify career goals, improve interview skills, and develop job search strategies.","Career coaches provide personalized feedback, help improve resumes, and can assist with networking techniques.",They often guide individuals in aligning their strengths with career opportunities and provide accountability.
"What are soft skills, and why are they important?","Soft skills include communication, teamwork, problem-solving, and emotional intelligence, which are crucial in any career.","They help you work effectively with others, adapt to changes, and resolve conflicts in the workplace.",Developing strong soft skills can set you apart in job applications and help you grow in your career.
How can I choose the right career path?,"Begin by assessing your interests, strengths, and long-term goals to narrow down options.","Research different industries and career roles, and seek informational interviews from professionals in fields of interest.",Consider internships or volunteer opportunities to gain hands-on experience before making a decision.
What steps should I take to switch careers?,Start by identifying transferable skills and researching industries that align with your interests.,Consider additional training or certifications if your new career path requires specific knowledge.,Update your resume to reflect your transferable skills and begin networking in the new field you want to enter.
"What are soft skills, and why are they important?","Soft skills include communication, teamwork, problem-solving, and emotional intelligence, which are crucial in any career.","They help you work effectively with others, adapt to changes, and resolve conflicts in the workplace.",Developing strong soft skills can set you apart in job applications and help you grow in your career.
How do I start a career in cybersecurity?,"Start by learning the basics of IT and networking, and then pursue cybersecurity certifications like CompTIA Security+.",Gain practical experience by setting up home labs or participating in cybersecurity competitions such as CTFs.,Networking with industry professionals and attending cybersecurity conferences can also help you enter the field.
How can I choose the right career path?,"Begin by assessing your interests, strengths, and long-term goals to narrow down options.","Research different industries and career roles, and seek informational interviews from professionals in fields of interest.",Consider internships or volunteer opportunities to gain hands-on experience before making a decision.
"What are soft skills, and why are they important?","Soft skills include communication, teamwork, problem-solving, and emotional intelligence, which are crucial in any career.","They help you work effectively with others, adapt to changes, and resolve conflicts in the workplace.",Developing strong soft skills can set you apart in job applications and help you grow in your career.
What steps should I take to switch careers?,Start by identifying transferable skills and researching industries that align with your interests.,Consider additional training or certifications if your new career path requires specific knowledge.,Update your resume to reflect your transferable skills and begin networking in the new field you want to enter.
What is the role of a career coach?,"A career coach helps individuals clarify career goals, improve interview skills, and develop job search strategies.","Career coaches provide personalized feedback, help improve resumes, and can assist with networking techniques.",They often guide individuals in aligning their strengths with career opportunities and provide accountability.
How do I start a career in cybersecurity?,"Start by learning the basics of IT and networking, and then pursue cybersecurity certifications like CompTIA Security+.",Gain practical experience by setting up home labs or participating in cybersecurity competitions such as CTFs.,Networking with industry professionals and attending cybersecurity conferences can also help you enter the field.
What steps should I take to switch careers?,Start by identifying transferable skills and researching industries that align with your interests.,Consider additional training or certifications if your new career path requires specific knowledge.,Update your resume to reflect your transferable skills and begin networking in the new field you want to enter.
What steps should I take to switch careers?,Start by identifying transferable skills and researching industries that align with your interests.,Consider additional training or certifications if your new career path requires specific knowledge.,Update your resume to reflect your transferable skills and begin networking in the new field you want to enter.
What steps should I take to switch careers?,Start by identifying transferable skills and researching industries that align with your interests.,Consider additional training or certifications if your new career path requires specific knowledge.,Update your resume to reflect your transferable skills and begin networking in the new field you want to enter.
What is the role of a career coach?,"A career coach helps individuals clarify career goals, improve interview skills, and develop job search strategies.","Career coaches provide personalized feedback, help improve resumes, and can assist with networking techniques.",They often guide individuals in aligning their strengths with career opportunities and provide accountability.
What steps should I take to switch careers?,Start by identifying transferable skills and researching industries that align with your interests.,Consider additional training or certifications if your new career path requires specific knowledge.,Update your resume to reflect your transferable skills and begin networking in the new field you want to enter.
How do I start a career in cybersecurity?,"Start by learning the basics of IT and networking, and then pursue cybersecurity certifications like CompTIA Security+.",Gain practical experience by setting up home labs or participating in cybersecurity competitions such as CTFs.,Networking with industry professionals and attending cybersecurity conferences can also help you enter the field.
What steps should I take to switch careers?,Start by identifying transferable skills and researching industries that align with your interests.,Consider additional training or certifications if your new career path requires specific knowledge.,Update your resume to reflect your transferable skills and begin networking in the new field you want to enter.
"What are soft skills, and why are they important?","Soft skills include communication, teamwork, problem-solving, and emotional intelligence, which are crucial in any career.","They help you work effectively with others, adapt to changes, and resolve conflicts in the workplace.",Developing strong soft skills can set you apart in job applications and help you grow in your career.
"What are soft skills, and why are they important?","Soft skills include communication, teamwork, problem-solving, and emotional intelligence, which are crucial in any career.","They help you work effectively with others, adapt to changes, and resolve conflicts in the workplace.",Developing strong soft skills can set you apart in job applications and help you grow in your career.
What steps should I take to switch careers?,Start by identifying transferable skills and researching industries that align with your interests.,Consider additional training or certifications if your new career path requires specific knowledge.,Update your resume to reflect your transferable skills and begin networking in the new field you want to enter.
What is the role of a career coach?,"A career coach helps individuals clarify career goals, improve interview skills, and develop job search strategies.","Career coaches provide personalized feedback, help improve resumes, and can assist with networking techniques.",They often guide individuals in aligning their strengths with career opportunities and provide accountability.
How can I choose the right career path?,"Begin by assessing your interests, strengths, and long-term goals to narrow down options.","Research different industries and career roles, and seek informational interviews from professionals in fields of interest.",Consider internships or volunteer opportunities to gain hands-on experience before making a decision.
How do I start a career in cybersecurity?,"Start by learning the basics of IT and networking, and then pursue cybersecurity certifications like CompTIA Security+.",Gain practical experience by setting up home labs or participating in cybersecurity competitions such as CTFs.,Networking with industry professionals and attending cybersecurity conferences can also help you enter the field.
What steps should I take to switch careers?,Start by identifying transferable skills and researching industries that align with your interests.,Consider additional training or certifications if your new career path requires specific knowledge.,Update your resume to reflect your transferable skills and begin networking in the new field you want to enter.
"What are soft skills, and why are they important?","Soft skills include communication, teamwork, problem-solving, and emotional intelligence, which are crucial in any career.","They help you work effectively with others, adapt to changes, and resolve conflicts in the workplace.",Developing strong soft skills can set you apart in job applications and help you grow in your career.
How do I start a career in cybersecurity?,"Start by learning the basics of IT and networking, and then pursue cybersecurity certifications like CompTIA Security+.",Gain practical experience by setting up home labs or participating in cybersecurity competitions such as CTFs.,Networking with industry professionals and attending cybersecurity conferences can also help you enter the field.
"What are soft skills, and why are they important?","Soft skills include communication, teamwork, problem-solving, and emotional intelligence, which are crucial in any career.","They help you work effectively with others, adapt to changes, and resolve conflicts in the workplace.",Developing strong soft skills can set you apart in job applications and help you grow in your career.
"What are soft skills, and why are they important?","Soft skills include communication, teamwork, problem-solving, and emotional intelligence, which are crucial in any career.","They help you work effectively with others, adapt to changes, and resolve conflicts in the workplace.",Developing strong soft skills can set you apart in job applications and help you grow in your career.
"What are soft skills, and why are they important?","Soft skills include communication, teamwork, problem-solving, and emotional intelligence, which are crucial in any career.","They help you work effectively with others, adapt to changes, and resolve conflicts in the workplace.",Developing strong soft skills can set you apart in job applications and help you grow in your career.
"What are soft skills, and why are they important?","Soft skills include communication, teamwork, problem-solving, and emotional intelligence, which are crucial in any career.","They help you work effectively with others, adapt to changes, and resolve conflicts in the workplace.",Developing strong soft skills can set you apart in job applications and help you grow in your career.
What steps should I take to switch careers?,Start by identifying transferable skills and researching industries that align with your interests.,Consider additional training or certifications if your new career path requires specific knowledge.,Update your resume to reflect your transferable skills and begin networking in the new field you want to enter.
What steps should I take to switch careers?,Start by identifying transferable skills and researching industries that align with your interests.,Consider additional training or certifications if your new career path requires specific knowledge.,Update your resume to reflect your transferable skills and begin networking in the new field you want to enter.
How can I choose the right career path?,"Begin by assessing your interests, strengths, and long-term goals to narrow down options.","Research different industries and career roles, and seek informational interviews from professionals in fields of interest.",Consider internships or volunteer opportunities to gain hands-on experience before making a decision.
What steps should I take to switch careers?,Start by identifying transferable skills and researching industries that align with your interests.,Consider additional training or certifications if your new career path requires specific knowledge.,Update your resume to reflect your transferable skills and begin networking in the new field you want to enter.
"What are soft skills, and why are they important?","Soft skills include communication, teamwork, problem-solving, and emotional intelligence, which are crucial in any career.","They help you work effectively with others, adapt to changes, and resolve conflicts in the workplace.",Developing strong soft skills can set you apart in job applications and help you grow in your career.
What steps should I take to switch careers?,Start by identifying transferable skills and researching industries that align with your interests.,Consider additional training or certifications if your new career path requires specific knowledge.,Update your resume to reflect your transferable skills and begin networking in the new field you want to enter.
"What are soft skills, and why are they important?","Soft skills include communication, teamwork, problem-solving, and emotional intelligence, which are crucial in any career.","They help you work effectively with others, adapt to changes, and resolve conflicts in the workplace.",Developing strong soft skills can set you apart in job applications and help you grow in your career.
How do I start a career in cybersecurity?,"Start by learning the basics of IT and networking, and then pursue cybersecurity certifications like CompTIA Security+.",Gain practical experience by setting up home labs or participating in cybersecurity competitions such as CTFs.,Networking with industry professionals and attending cybersecurity conferences can also help you enter the field.
"What are soft skills, and why are they important?","Soft skills include communication, teamwork, problem-solving, and emotional intelligence, which are crucial in any career.","They help you work effectively with others, adapt to changes, and resolve conflicts in the workplace.",Developing strong soft skills can set you apart in job applications and help you grow in your career.
What is the role of a career coach?,"A career coach helps individuals clarify career goals, improve interview skills, and develop job search strategies.","Career coaches provide personalized feedback, help improve resumes, and can assist with networking techniques.",They often guide individuals in aligning their strengths with career opportunities and provide accountability.
How do I start a career in cybersecurity?,"Start by learning the basics of IT and networking, and then pursue cybersecurity certifications like CompTIA Security+.",Gain practical experience by setting up home labs or participating in cybersecurity competitions such as CTFs.,Networking with industry professionals and attending cybersecurity conferences can also help you enter the field.
What is the role of a career coach?,"A career coach helps individuals clarify career goals, improve interview skills, and develop job search strategies.","Career coaches provide personalized feedback, help improve resumes, and can assist with networking techniques.",They often guide individuals in aligning their strengths with career opportunities and provide accountability.
"What are soft skills, and why are they important?","Soft skills include communication, teamwork, problem-solving, and emotional intelligence, which are crucial in any career.","They help you work effectively with others, adapt to changes, and resolve conflicts in the workplace.",Developing strong soft skills can set you apart in job applications and help you grow in your career.
What steps should I take to switch careers?,Start by identifying transferable skills and researching industries that align with your interests.,Consider additional training or certifications if your new career path requires specific knowledge.,Update your resume to reflect your transferable skills and begin networking in the new field you want to enter.
"What are soft skills, and why are they important?","Soft skills include communication, teamwork, problem-solving, and emotional intelligence, which are crucial in any career.","They help you work effectively with others, adapt to changes, and resolve conflicts in the workplace.",Developing strong soft skills can set you apart in job applications and help you grow in your career.
How can I choose the right career path?,"Begin by assessing your interests, strengths, and long-term goals to narrow down options.","Research different industries and career roles, and seek informational interviews from professionals in fields of interest.",Consider internships or volunteer opportunities to gain hands-on experience before making a decision.
What steps should I take to switch careers?,Start by identifying transferable skills and researching industries that align with your interests.,Consider additional training or certifications if your new career path requires specific knowledge.,Update your resume to reflect your transferable skills and begin networking in the new field you want to enter.
How can I choose the right career path?,"Begin by assessing your interests, strengths, and long-term goals to narrow down options.","Research different industries and career roles, and seek informational interviews from professionals in fields of interest.",Consider internships or volunteer opportunities to gain hands-on experience before making a decision.
What is the role of a career coach?,"A career coach helps individuals clarify career goals, improve interview skills, and develop job search strategies.","Career coaches provide personalized feedback, help improve resumes, and can assist with networking techniques.",They often guide individuals in aligning their strengths with career opportunities and provide accountability.
How do I start a career in cybersecurity?,"Start by learning the basics of IT and networking, and then pursue cybersecurity certifications like CompTIA Security+.",Gain practical experience by setting up home labs or participating in cybersecurity competitions such as CTFs.,Networking with industry professionals and attending cybersecurity conferences can also help you enter the field.
How do I start a career in cybersecurity?,"Start by learning the basics of IT and networking, and then pursue cybersecurity certifications like CompTIA Security+.",Gain practical experience by setting up home labs or participating in cybersecurity competitions such as CTFs.,Networking with industry professionals and attending cybersecurity conferences can also help you enter the field.
How do I start a career in cybersecurity?,"Start by learning the basics of IT and networking, and then pursue cybersecurity certifications like CompTIA Security+.",Gain practical experience by setting up home labs or participating in cybersecurity competitions such as CTFs.,Networking with industry professionals and attending cybersecurity conferences can also help you enter the field.
How do I start a career in cybersecurity?,"Start by learning the basics of IT and networking, and then pursue cybersecurity certifications like CompTIA Security+.",Gain practical experience by setting up home labs or participating in cybersecurity competitions such as CTFs.,Networking with industry professionals and attending cybersecurity conferences can also help you enter the field.
How do I start a career in cybersecurity?,"Start by learning the basics of IT and networking, and then pursue cybersecurity certifications like CompTIA Security+.",Gain practical experience by setting up home labs or participating in cybersecurity competitions such as CTFs.,Networking with industry professionals and attending cybersecurity conferences can also help you enter the field.
What steps should I take to switch careers?,Start by identifying transferable skills and researching industries that align with your interests.,Consider additional training or certifications if your new career path requires specific knowledge.,Update your resume to reflect your transferable skills and begin networking in the new field you want to enter.
How do I start a career in cybersecurity?,"Start by learning the basics of IT and networking, and then pursue cybersecurity certifications like CompTIA Security+.",Gain practical experience by setting up home labs or participating in cybersecurity competitions such as CTFs.,Networking with industry professionals and attending cybersecurity conferences can also help you enter the field.
What is the role of a career coach?,"A career coach helps individuals clarify career goals, improve interview skills, and develop job search strategies.","Career coaches provide personalized feedback, help improve resumes, and can assist with networking techniques.",They often guide individuals in aligning their strengths with career opportunities and provide accountability.
How can I choose the right career path?,"Begin by assessing your interests, strengths, and long-term goals to narrow down options.","Research different industries and career roles, and seek informational interviews from professionals in fields of interest.",Consider internships or volunteer opportunities to gain hands-on experience before making a decision.
How can I choose the right career path?,"Begin by assessing your interests, strengths, and long-term goals to narrow down options.","Research different industries and career roles, and seek informational interviews from professionals in fields of interest.",Consider internships or volunteer opportunities to gain hands-on experience before making a decision.
How do I start a career in cybersecurity?,"Start by learning the basics of IT and networking, and then pursue cybersecurity certifications like CompTIA Security+.",Gain practical experience by setting up home labs or participating in cybersecurity competitions such as CTFs.,Networking with industry professionals and attending cybersecurity conferences can also help you enter the field.
How can I choose the right career path?,"Begin by assessing your interests, strengths, and long-term goals to narrow down options.","Research different industries and career roles, and seek informational interviews from professionals in fields of interest.",Consider internships or volunteer opportunities to gain hands-on experience before making a decision.
How do I start a career in cybersecurity?,"Start by learning the basics of IT and networking, and then pursue cybersecurity certifications like CompTIA Security+.",Gain practical experience by setting up home labs or participating in cybersecurity competitions such as CTFs.,Networking with industry professionals and attending cybersecurity conferences can also help you enter the field.
What is the role of a career coach?,"A career coach helps individuals clarify career goals, improve interview skills, and develop job search strategies.","Career coaches provide personalized feedback, help improve resumes, and can assist with networking techniques.",They often guide individuals in aligning their strengths with career opportunities and provide accountability.
What steps should I take to switch careers?,Start by identifying transferable skills and researching industries that align with your interests.,Consider additional training or certifications if your new career path requires specific knowledge.,Update your resume to reflect your transferable skills and begin networking in the new field you want to enter.
"What are soft skills, and why are they important?","Soft skills include communication, teamwork, problem-solving, and emotional intelligence, which are crucial in any career.","They help you work effectively with others, adapt to changes, and resolve conflicts in the workplace.",Developing strong soft skills can set you apart in job applications and help you grow in your career.
What steps should I take to switch careers?,Start by identifying transferable skills and researching industries that align with your interests.,Consider additional training or certifications if your new career path requires specific knowledge.,Update your resume to reflect your transferable skills and begin networking in the new field you want to enter.
What is the role of a career coach?,"A career coach helps individuals clarify career goals, improve interview skills, and develop job search strategies.","Career coaches provide personalized feedback, help improve resumes, and can assist with networking techniques.",They often guide individuals in aligning their strengths with career opportunities and provide accountability.
What is the role of a career coach?,"A career coach helps individuals clarify career goals, improve interview skills, and develop job search strategies.","Career coaches provide personalized feedback, help improve resumes, and can assist with networking techniques.",They often guide individuals in aligning their strengths with career opportunities and provide accountability.
How do I start a career in cybersecurity?,"Start by learning the basics of IT and networking, and then pursue cybersecurity certifications like CompTIA Security+.",Gain practical experience by setting up home labs or participating in cybersecurity competitions such as CTFs.,Networking with industry professionals and attending cybersecurity conferences can also help you enter the field.
How can I choose the right career path?,"Begin by assessing your interests, strengths, and long-term goals to narrow down options.","Research different industries and career roles, and seek informational interviews from professionals in fields of interest.",Consider internships or volunteer opportunities to gain hands-on experience before making a decision.
What steps should I take to switch careers?,Start by identifying transferable skills and researching industries that align with your interests.,Consider additional training or certifications if your new career path requires specific knowledge.,Update your resume to reflect your transferable skills and begin networking in the new field you want to enter.
How can I choose the right career path?,"Begin by assessing your interests, strengths, and long-term goals to narrow down options.","Research different industries and career roles, and seek informational interviews from professionals in fields of interest.",Consider internships or volunteer opportunities to gain hands-on experience before making a decision.
What is the role of a career coach?,"A career coach helps individuals clarify career goals, improve interview skills, and develop job search strategies.","Career coaches provide personalized feedback, help improve resumes, and can assist with networking techniques.",They often guide individuals in aligning their strengths with career opportunities and provide accountability.
What steps should I take to switch careers?,Start by identifying transferable skills and researching industries that align with your interests.,Consider additional training or certifications if your new career path requires specific knowledge.,Update your resume to reflect your transferable skills and begin networking in the new field you want to enter.
How can I choose the right career path?,"Begin by assessing your interests, strengths, and long-term goals to narrow down options.","Research different industries and career roles, and seek informational interviews from professionals in fields of interest.",Consider internships or volunteer opportunities to gain hands-on experience before making a decision.
What is the role of a career coach?,"A career coach helps individuals clarify career goals, improve interview skills, and develop job search strategies.","Career coaches provide personalized feedback, help improve resumes, and can assist with networking techniques.",They often guide individuals in aligning their strengths with career opportunities and provide accountability.
What is the role of a career coach?,"A career coach helps individuals clarify career goals, improve interview skills, and develop job search strategies.","Career coaches provide personalized feedback, help improve resumes, and can assist with networking techniques.",They often guide individuals in aligning their strengths with career opportunities and provide accountability.
"What are soft skills, and why are they important?","Soft skills include communication, teamwork, problem-solving, and emotional intelligence, which are crucial in any career.","They help you work effectively with others, adapt to changes, and resolve conflicts in the workplace.",Developing strong soft skills can set you apart in job applications and help you grow in your career.
How can I choose the right career path?,"Begin by assessing your interests, strengths, and long-term goals to narrow down options.","Research different industries and career roles, and seek informational interviews from professionals in fields of interest.",Consider internships or volunteer opportunities to gain hands-on experience before making a decision.
What is the role of a career coach?,"A career coach helps individuals clarify career goals, improve interview skills, and develop job search strategies.","Career coaches provide personalized feedback, help improve resumes, and can assist with networking techniques.",They often guide individuals in aligning their strengths with career opportunities and provide accountability.
What steps should I take to switch careers?,Start by identifying transferable skills and researching industries that align with your interests.,Consider additional training or certifications if your new career path requires specific knowledge.,Update your resume to reflect your transferable skills and begin networking in the new field you want to enter.
What is the role of a career coach?,"A career coach helps individuals clarify career goals, improve interview skills, and develop job search strategies.","Career coaches provide personalized feedback, help improve resumes, and can assist with networking techniques.",They often guide individuals in aligning their strengths with career opportunities and provide accountability.
What steps should I take to switch careers?,Start by identifying transferable skills and researching industries that align with your interests.,Consider additional training or certifications if your new career path requires specific knowledge.,Update your resume to reflect your transferable skills and begin networking in the new field you want to enter.